execNr,cov,ft,crashes
0,0,0,0
6,79,84,0
8,79,89,0
9,79,105,0
29,79,121,0
76,79,126,0
81,79,142,0
108,79,158,0
135,79,160,0
229,79,177,0
248,79,194,0
286,79,195,0
380,79,197,0
550,79,204,0
582,79,204,0
629,79,209,0
709,79,210,0
845,79,210,0
846,79,212,0
884,79,215,0
960,79,215,0
1086,79,216,0
1462,79,216,0
1498,79,216,0
1638,79,226,0
1844,183,373,0
2004,187,388,0
2095,216,423,0
2097,216,433,0
2135,216,443,0
2217,216,445,0
2391,216,448,0
2780,224,458,0
2908,239,483,0
2946,240,484,0
3458,240,491,0
3558,240,496,0
3853,240,500,0
3920,240,500,0
4083,240,502,0
4403,241,598,0
4432,249,608,0
4455,250,618,0
4471,263,676,0
4478,263,681,0
4490,263,689,0
4537,263,690,0
4627,263,690,0
4630,263,707,0
4633,263,709,0
4805,263,710,0
4821,263,710,0
4928,263,710,0
5149,263,720,0
5484,263,732,0
5496,263,732,0
5829,263,732,0
6275,263,732,0
6320,263,732,0
6403,263,734,0
6679,263,736,0
7111,270,746,0
7157,270,748,0
7244,271,830,0
7264,271,831,0
7336,271,833,0
7360,271,844,0
7383,274,850,0
7476,289,892,0
7493,289,893,0
7628,289,905,0
7634,289,909,0
7648,289,910,0
7650,289,912,0
7730,289,913,0
7797,289,913,0
7913,289,914,0
7924,295,926,0
8010,295,936,0
8023,295,936,0
8214,295,936,0
8430,295,937,0
8452,295,944,0
8529,295,946,0
8867,295,946,0
9483,295,946,0
9610,295,949,0
9660,295,958,0
9853,295,959,0
9897,295,962,0
10243,295,962,0
10568,295,974,0
10822,295,975,0
11374,295,1022,0
11387,295,1024,0
11557,295,1025,0
11640,295,1029,0
11680,295,1031,0
11714,295,1033,0
12033,295,1045,0
12075,295,1047,0
12817,295,1047,0
12898,295,1048,0
13126,295,1052,0
13218,295,1052,0
13381,296,1071,0
13469,296,1071,0
13502,296,1072,0
14100,296,1074,0
14147,296,1074,0
14174,296,1078,0
14224,296,1086,0
14739,296,1087,0
14880,296,1093,0
14894,296,1112,0
14996,296,1113,0
15104,296,1114,0
15106,296,1116,0
15110,296,1118,0
15242,296,1120,0
15839,296,1122,0
16201,296,1125,0
16305,296,1126,0
16629,296,1130,0
16631,296,1130,0
17037,296,1132,0
17183,296,1133,0
17258,296,1142,0
17888,296,1147,0
17934,296,1147,0
18041,296,1147,0
18065,296,1150,0
18275,296,1155,0
18868,296,1155,0
18969,296,1156,0
19094,296,1159,0
19187,296,1166,0
19301,296,1166,0
19731,296,1167,0
20342,296,1206,0
20546,296,1206,0
20569,296,1207,0
20995,296,1208,0
21039,296,1210,0
21136,296,1212,0
22030,296,1217,0
22178,296,1217,0
22590,296,1218,0
22895,296,1227,0
23052,296,1228,0
23709,296,1229,0
23963,296,1229,0
25195,296,1229,0
25550,296,1231,0
25655,296,1235,0
26272,296,1240,0
26725,296,1242,0
26806,296,1243,0
27229,296,1243,0
27545,296,1243,0
28203,296,1245,0
28774,296,1245,0
29063,296,1245,0
29166,296,1246,0
29198,296,1246,0
29373,296,1248,0
29755,296,1250,0
30679,296,1251,0
31290,296,1251,0
31592,296,1252,0
31677,296,1259,0
31968,296,1259,0
32485,296,1260,0
32750,296,1280,0
32768,296,1280,0
33032,296,1280,0
33218,296,1280,0
33308,296,1281,0
33672,296,1282,0
33904,296,1287,0
34197,296,1288,0
34474,296,1288,0
35097,296,1291,0
36384,296,1292,0
36456,296,1293,0
36817,296,1293,0
37097,296,1297,0
37788,296,1297,0
37937,296,1298,0
38572,296,1306,0
38793,296,1306,0
39251,296,1352,0
40466,296,1356,0
41180,296,1357,0
41326,296,1357,0
41344,296,1365,0
41665,296,1365,0
42700,296,1367,0
44503,296,1367,0
44971,296,1368,0
45003,296,1370,0
45422,296,1370,0
45867,296,1370,0
45873,296,1374,0
45960,296,1375,0
46987,296,1377,0
47307,296,1379,0
47448,296,1379,0
48176,296,1379,0
48467,296,1379,0
48660,296,1379,0
49448,296,1380,0
49885,296,1380,0
50490,296,1381,0
50527,296,1383,0
50774,296,1386,0
51000,296,1386,0
51083,296,1395,0
51444,296,1397,0
51607,296,1397,0
53210,296,1397,0
53694,296,1397,0
54892,296,1397,0
56290,296,1397,0
58280,296,1397,0
58305,296,1397,0
58843,296,1397,0
60026,296,1397,0
62893,296,1398,0
63414,296,1398,0
63810,296,1398,0
64591,296,1398,0
64649,296,1399,0
65164,296,1436,0
65195,296,1437,0
65422,296,1438,0
65536,296,1438,0
66384,296,1456,0
67243,296,1456,0
67901,296,1458,0
69255,296,1458,0
74845,296,1458,0
75916,296,1458,0
75936,296,1461,0
76498,296,1462,0
79676,296,1462,0
80576,296,1463,0
83575,296,1463,0
83847,296,1463,0
84823,296,1463,0
85181,296,1463,0
85246,296,1463,0
86628,296,1463,0
87802,296,1463,0
88796,296,1463,0
92274,296,1471,0
93401,296,1471,0
93613,296,1473,0
93857,296,1475,0
94832,296,1476,0
97597,296,1478,0
97614,296,1478,0
97738,296,1478,0
97900,296,1478,0
99110,296,1478,0
100475,296,1478,0
101310,296,1478,0
101612,296,1478,0
104605,296,1479,0
104924,296,1479,0
105278,296,1479,0
105971,296,1479,0
107100,296,1479,0
108278,296,1479,0
108944,296,1479,0
110063,296,1479,0
111428,296,1479,0
116414,296,1485,0
116484,296,1505,0
116600,296,1509,0
116627,296,1509,0
116654,296,1509,0
118060,296,1509,0
119069,296,1511,0
119889,296,1511,0
121155,296,1511,0
121511,296,1511,0
126447,296,1511,0
127073,296,1511,0
127409,296,1511,0
127798,296,1511,0
129679,296,1511,0
130065,296,1511,0
130947,296,1511,0
131072,296,1511,0
132338,296,1511,0
132519,296,1511,0
132821,296,1511,0
132874,296,1511,0
135907,296,1511,0
138046,296,1511,0
139694,296,1511,0
145085,296,1511,0
146461,296,1511,0
146656,296,1511,0
151374,296,1511,0
152719,296,1511,0
158336,296,1511,0
158608,296,1513,0
159629,296,1513,0
159715,296,1513,0
159951,296,1513,0
160488,296,1513,0
164817,296,1514,0
165453,296,1516,0
165600,296,1520,0
166792,296,1520,0
166982,296,1520,0
167109,296,1521,0
171286,296,1521,0
172174,296,1521,0
173705,296,1521,0
175600,296,1522,0
176013,296,1523,0
177258,296,1523,0
177562,296,1524,0
180828,296,1524,0
181686,296,1525,0
183188,296,1525,0
184280,296,1525,0
184813,296,1525,0
185079,296,1525,0
188003,296,1525,0
191870,296,1525,0
193018,296,1525,0
194177,296,1525,0
195703,296,1525,0
199414,296,1525,0
199955,296,1525,0
200847,296,1525,0
201200,296,1525,0
204959,296,1525,0
206980,296,1525,0
210491,296,1525,0
210828,296,1525,0
210960,296,1525,0
211641,296,1525,0
214667,296,1525,0
217183,296,1525,0
221824,296,1525,0
221884,296,1525,0
228770,296,1525,0
228870,296,1525,0
232412,296,1526,0
232841,296,1559,0
233291,296,1560,0
233382,296,1564,0
241473,296,1564,0
242015,296,1564,0
244881,296,1564,0
246487,296,1564,0
247713,296,1564,0
250624,296,1564,0
250955,296,1564,0
252801,296,1564,0
257169,296,1565,0
261412,296,1565,0
262144,296,1565,0
262399,296,1565,0
264282,296,1565,0
273033,296,1565,0
275735,296,1565,0
276584,296,1565,0
278082,296,1565,0
278783,296,1565,0
281283,296,1565,0
281735,296,1565,0
281738,296,1565,0
282717,296,1565,0
287973,296,1565,0
289646,296,1565,0
293702,296,1565,0
296968,296,1565,0
304253,296,1565,0
306223,296,1565,0
306284,296,1565,0
314111,296,1565,0
315672,296,1565,0
327383,296,1565,0
329007,296,1565,0
332899,296,1565,0
337417,296,1565,0
337965,296,1565,0
338717,296,1565,0
339548,296,1565,0
345279,296,1565,0
348794,296,1565,0
349022,296,1565,0
349620,296,1565,0
350828,296,1565,0
351311,296,1565,0
352089,296,1565,0
360631,296,1565,0
361461,296,1567,0
362876,296,1567,0
369255,296,1567,0
369877,296,1567,0
370341,296,1567,0
370502,296,1567,0
377116,296,1567,0
387033,296,1568,0
390239,296,1568,0
390407,296,1568,0
391398,296,1568,0
396531,296,1568,0
404178,296,1568,0
405045,296,1568,0
412793,296,1568,0
414775,296,1568,0
422312,296,1568,0
426439,296,1568,0
427229,296,1568,0
432105,296,1568,0
432529,296,1568,0
433174,296,1568,0
433584,296,1568,0
435775,296,1568,0
438535,296,1568,0
442942,296,1568,0
443091,296,1568,0
450074,296,1568,0
457147,296,1568,0
463924,296,1568,0
467097,296,1568,0
467905,296,1568,0
470919,296,1568,0
479305,296,1568,0
481917,296,1568,0
481961,296,1578,0
482922,296,1578,0
483364,296,1579,0
483727,296,1580,0
483829,296,1581,0
487090,296,1581,0
491296,296,1581,0
493380,296,1581,0
497066,296,1581,0
499972,296,1581,0
506515,296,1581,0
506607,296,1581,0
507825,296,1581,0
508056,296,1581,0
508106,296,1581,0
512538,296,1581,0
513081,296,1581,0
513770,296,1581,0
517087,296,1581,0
517368,296,1581,0
524004,296,1581,0
524288,296,1581,0
525075,296,1581,0
528786,296,1581,0
531227,296,1581,0
532248,296,1581,0
533172,296,1581,0
535023,296,1581,0
540153,296,1581,0
546909,296,1581,0
547461,296,1581,0
550127,296,1581,0
552037,296,1581,0
552297,296,1590,0
553100,296,1594,0
553123,296,1598,0
553601,296,1600,0
553606,296,1602,0
554667,296,1604,0
554928,296,1606,0
556224,296,1606,0
556557,296,1606,0
557986,296,1607,0
558103,296,1611,0
558948,296,1615,0
563330,296,1657,0
563359,296,1657,0
563620,296,1658,0
563862,296,1660,0
563892,296,1692,0
564051,296,1693,0
564627,296,1695,0
564807,296,1695,0
565001,298,1697,0
565147,298,1699,0
569170,298,1737,0
569546,298,1739,0
569601,298,1739,0
569697,298,1743,0
569828,298,1744,0
569829,298,1745,0
569920,298,1747,0
569923,298,1752,0
570199,298,1755,0
570994,298,1757,0
571078,298,1758,0
571094,298,1759,0
571887,298,1760,0
572093,307,1769,0
573610,307,1770,0
574245,307,1770,0
574673,307,1770,0
574749,307,1772,0
574760,307,1794,0
575002,307,1796,0
578409,307,1798,0
578568,307,1804,0
580275,307,1804,0
580392,307,1804,0
580807,307,1804,0
580832,307,1814,0
582612,307,1816,0
583054,307,1817,0
586459,307,1817,0
591765,307,1817,0
592190,307,1817,0
595344,307,1817,0
596198,307,1817,0
597627,307,1817,0
597733,307,1817,0
604582,307,1817,0
604945,307,1817,0
615283,307,1817,0
623857,307,1821,0
625595,307,1821,0
628437,307,1821,0
631941,307,1821,0
634912,307,1821,0
635740,307,1821,0
637672,307,1821,0
639637,307,1821,0
641117,307,1821,0
645746,307,1821,0
649874,307,1821,0
650499,307,1821,0
653018,307,1821,0
656711,307,1821,0
657568,307,1821,0
658388,307,1821,0
661619,307,1821,0
662249,307,1821,0
662682,307,1821,0
664193,307,1821,0
664399,307,1821,0
666677,307,1821,0
667254,307,1821,0
670418,307,1821,0
670724,307,1821,0
680040,307,1821,0
684022,307,1821,0
686029,307,1821,0
694910,307,1821,0
698532,307,1821,0
702800,308,1822,0
703140,308,1822,0
708886,308,1822,0
711322,308,1825,0
715544,308,1825,0
720100,308,1825,0
723861,308,1825,0
726496,308,1825,0
730493,308,1825,0
730963,308,1825,0
740913,308,1825,0
742090,308,1825,0
742690,308,1825,0
745025,308,1825,0
745813,308,1825,0
747710,308,1825,0
761446,308,1825,0
762717,308,1825,0
766442,308,1825,0
776361,308,1825,0
787250,308,1826,0
802848,308,1826,0
803729,308,1826,0
812172,308,1826,0
820861,308,1826,0
825952,308,1826,0
828542,308,1826,0
829837,308,1826,0
829850,308,1826,0
830308,308,1826,0
843313,308,1827,0
844104,308,1827,0
844345,308,1828,0
849731,308,1828,0
852312,308,1828,0
867099,308,1828,0
873985,308,1828,0
875076,308,1828,0
891600,308,1828,0
899794,308,1828,0
900449,308,1828,0
901035,308,1828,0
901351,308,1828,0
901484,308,1828,0
909805,308,1828,0
917455,308,1828,0
918083,308,1828,0
919146,308,1828,0
925943,308,1828,0
926047,308,1828,0
926279,308,1828,0
939875,308,1828,0
943013,308,1828,0
946078,308,1828,0
946105,308,1828,0
956379,308,1828,0
971741,308,1828,0
972138,308,1829,0
978294,308,1829,0
981569,308,1829,0
982155,308,1829,0
986116,308,1829,0
996459,308,1829,0
996884,308,1829,0
1010585,308,1829,0
1017162,308,1829,0
1023117,308,1831,0
1035143,308,1831,0
1048576,308,1831,0
1060795,308,1831,0
1064184,308,1831,0
1071651,308,1831,0
1074765,308,1831,0
1086408,308,1831,0
1086874,308,1831,0
1087357,308,1831,0
1109116,308,1831,0
1127692,308,1831,0
1131128,308,1831,0
1133397,308,1831,0
1144485,308,1831,0
1146551,308,1831,0
1151453,308,1831,0
1158437,308,1831,0
1166610,308,1831,0
1174299,308,1831,0
1176692,308,1831,0
1180426,308,1831,0
1183082,308,1831,0
1195228,308,1831,0
1201650,308,1831,0
1204237,308,1831,0
1214014,308,1831,0
1226936,308,1831,0
1264765,308,1831,0
1278964,308,1831,0
1282124,308,1831,0
1296775,308,1831,0
1302906,308,1831,0
1310532,308,1831,0
1310587,308,1831,0
1312077,308,1831,0
1322901,308,1831,0
1330556,308,1831,0
1348757,308,1831,0
1350337,308,1831,0
1367494,308,1831,0
1370163,308,1831,0
1372451,308,1831,0
1389973,308,1831,0
1393277,308,1831,0
1395243,308,1831,0
1408084,308,1831,0
1426673,308,1831,0
1446781,308,1832,0
1456218,308,1832,0
1458519,308,1832,0
1483320,308,1832,0
1486622,308,1832,0
1494131,308,1832,0
1539437,308,1832,0
1550713,308,1832,0
1551102,308,1832,0
1556823,308,1832,0
1557554,308,1832,0
1577384,308,1832,0
1579220,308,1832,0
1582932,308,1832,0
1589666,308,1832,0
1602642,308,1832,0
1605283,308,1832,0
1614422,308,1832,0
1618680,308,1832,0
1628786,308,1832,0
1639845,308,1832,0
1648986,308,1832,0
1664332,308,1832,0
1685640,308,1832,0
1689855,308,1832,0
1721869,308,1832,0
1725287,308,1832,0
1745153,308,1832,0
1763336,308,1832,0
1764392,308,1832,0
1766573,308,1832,0
